Workbook

Sheet Raw Data
A1: cust | B1: Name | C1: Age | D1: Gender | E1: marital stat | F1: Pur Date | G1: Amt | H1: Location
A2: C712 | B2: Elizabeth Evans | C2: twenty | D2: M | E2: Single | F2: 30-08-1980 | G2: 9500 | H2: south africa
A3: C710 | B3: michelle carter | D3: F | E3: Single | F3: 43902 | G3: 5512.8264 | H3: lagos
A4: C660 | B4: orge sullivan | C4: twenty | D4: F | E4: Single | F4: 45346 | G4: 123000 | H4: lagos
A5: C256 | B5: Jennifer Silva | C5: 61 | D5: Male | E5: Marrd | F5: 29-07-1976 | G5: 25000 | H5: lagos
A6: C877 | B6: Debbie Trujillo | C6: 59 | D6: Female | E6: Sungle | F6: 40567 | G6: 430 | H6: south africa
A7: C101 | B7: Hector Bowen | C7: twenty | D7: M | E7: Marrd | F7: 45470 | G7: 9389.905 | H7: lagos
A8: C617 | B8: Margaret Chapman | D8: Female | E8: Marrd | F8: 43665 | G8: 9500 | H8: india
A9: C018 | B9: aaron gardner | C9: twenty | D9: Male | E9: Marrd | F9: 43719 | G9: 1500 | H9: spain
A10: C920 | B10: Jennifer Brown | C10: 38 | D10: Female | E10: Sungle | F10: 40438 | G10: 1700 | H10: lagos
A11: C422 | B11: Katie Mays | C11: twenty | D11: Female | E11: Single | F11: 36839 | G11: 45000
A12: C586 | B12: Jill Hudson | D12: Male | E12: Sungle | F12: 45526 | G12: 9500 | H12: india
A13: C927 | B13: Victor Brown | C13: twenty | D13: M | E13: Marrd | F13: 45492 | G13: 9821.6898
A14: C704 | B14: James Graham | C14: 51 | D14: Male | E14: Marrd | F14: 43540 | G14: 2500 | H14: south africa
A15: C081 | B15: Danielle Mckinney | C15: twenty | D15: M | E15: Sungle | F15: 17-08-2002 | G15: 29370 | H15: india
A16: C868 | B16: ROBERT ATKINSON | C16: twenty | D16: Female | E16: Single | F16: 37804 | G16: 242.10716 | H16: spain
A17: C565 | B17: Monica Reyes | D17: Male | E17: Single | F17: 45334 | G17: 4148.4603 | H17: south africa
A18: C952 | B18: Steven Wiley | C18: twenty | D18: Female | E18: Marrd | F18: 44037 | G18: 8326.3703 | H18: south africa
A19: C528 | B19: Caitlyn Maxwell | C19: twenty | D19: M | E19: Single | F19: 44369 | G19: 9500 | H19: india
A20: C859 | B20: Ashley Mcgee | C20: twenty | D20: Male | E20: Marrd | F20: 19-02-2013 | G20: 1500 | H20: south africa
A21: C464 | B21: Lisa Jimenez | C21: 32 | D21: Female | E21: Marrd | F21: 37736 | G21: 9600 | H21: spain
A22: C658 | B22: Megan Brown | C22: 46 | D22: Female | E22: Single | F22: 45390 | G22: 9500 | H22: south africa
A23: C164 | B23: Glen Bell | D23: F | E23: Single | F23: 43599 | G23: 1500
A24: C141 | B24: Melissa Flynn | C24: twenty | D24: M | E24: Marrd | F24: 44166 | G24: 8846.8605 | H24: india
A25: C829 | B25: SCOTT BEARD | C25: 47 | D25: F | E25: Sungle | F25: 16-01-1973 | G25: 23000 | H25: south africa
A26: C373 | B26: Brian Andrade | C26: twenty | D26: Male | E26: Single | F26: 45494 | G26: 5261.0191
A27: C679 | B27: Paul Hughes | C27: twenty | D27: M | E27: Single | F27: 45278 | G27: 1500 | H27: south africa
A28: C292 | B28: Julia Ochoa | C28: 58 | D28: Female | E28: Sungle | F28: 43735 | G28: 899.65042 | H28: lagos
A29: C712 | B29: Elizabeth Evans | C29: twenty | D29: M | E29: Single | F29: 30-08-1980 | G29: 9500 | H29: south africa
A30: C710 | B30: michelle carter | D30: F | E30: Single | F30: 43902 | G30: 5512.8264 | H30: lagos
A31: C754 | B31: Amber Carson | C31: 26 | D31: FEMale | E31: Marrd | F31: 43506 | G31: 1500 | H31: lagos
A32: C754 | B32: Amber Carson | D32: Female | E32: Marrd | F32: 38148 | G32: 1500
A33: C668 | B33: Thomas Morris | C33: twenty | D33: Male | E33: Marrd | F33: 44033 | G33: 9500 | H33: india
A34: C267 | B34: Gregory Weber | C34: twenty | D34: F | E34: Marrd | F34: 44875 | G34: 356.91702
A35: C240 | B35: joshua oconnor | C35: 39 | D35: Female | E35: Marrd | F35: 22-06-1993 | G35: 9500
A36: C516 | B36: Heather Carlson | C36: twenty | D36: M | E36: Single | F36: 31511 | G36: 1000 | H36: lagos
A37: C251 | B37: JEREMIAH MUNOZ | C37: 41 | D37: F | E37: Marrd | F37: 44058 | G37: 1500 | H37: spain
A38: C061 | B38: Nicholas White | C38: 34 | D38: Male | E38: Single | F38: 43415 | G38: 9500
A39: C067 | B39: Maria George | D39: Female | E39: Sungle | F39: 45562 | G39: 5000 | H39: spain
A40: C645 | B40: Jeremy Wood | D40: F | E40: Marrd | F40: 43506 | G40: 9500 | H40: lagos
A41: C799 | B41: James Collins | C41: 64 | D41: Female | E41: Marrd | F41: 37130 | G41: 1500 | H41: south africa
A42: C623 | B42: Charles Collins | C42: twenty | D42: M | E42: Marrd | F42: 43129 | G42: 557.7685 | H42: spain
A43: C306 | B43: Jaime Rivera | C43: 32 | D43: F | E43: Marrd | F43: 44369 | G43: 1500
A44: C213 | B44: Ronnie Johnson | D44: Female | E44: Marrd | F44: 21-09-1973 | G44: 1500
A45: C213 | B45: Ronnie Johnson | C45: twenty | D45: Female | E45: Single | F45: 21-09-1973 | G45: 1500 | H45: spain
A46: C031 | B46: Roger Strong | C46: twenty | D46: F | E46: Marrd | F46: 45340 | G46: 4781.119
A47: C994 | B47: Jacob Barnes | C47: twenty | D47: Male | E47: Marrd | F47: 21-08-1971 | G47: 469.60289 | H47: spain
A48: C834 | B48: Jacob Cross | C48: 39 | D48: M | E48: Single | F48: 21-03-1970 | G48: 3595.7813
A49: C066 | B49: Darin Tapia | C49: twenty | D49: F | E49: Marrd | F49: 28-06-1973 | G49: 1500 | H49: lagos
A50: C039 | B50: Denise Duffy | C50: 54 | D50: Male | E50: Marrd | F50: 45466 | G50: 1500 | H50: south africa
A51: C299 | B51: Brian Davis | C51: twenty | D51: MALE | E51: Marrd | F51: 13-08-1993 | G51: 2891.5463 | H51: india
A52: C811 | B52: Cheryl Morris | D52: F | E52: Single | F52: 40930 | G52: 702.66497 | H52: south africa
A53: C622 | B53: Trevor Jackson | C53: 68 | D53: Female | E53: Single | F53: 45478 | G53: 1500 | H53: india
A54: C161 | B54: Michelle Stevens | D54: Female | E54: Single | F54: 43448 | G54: 9500 | H54: south africa
A55: C711 | B55: Sarah Sanchez | D55: M | E55: Marrd | F55: 26-04-2017 | G55: 90000
A56: C321 | B56: Sandra Burton | C56: 36 | D56: F | E56: Marrd | F56: 16-01-1973 | G56: 1500 | H56: lagos
A57: C110 | B57: Kelly Taylor | D57: M | E57: Marrd | F57: 39098 | G57: 1500
A58: C442 | B58: Cynthia Bailey | D58: Female | E58: Single | F58: 42351 | G58: 350.76711
A59: C703 | B59: Larry Stewart | C59: 28 | D59: MALE | E59: Single | F59: 45457 | G59: 1500 | H59: spain
A60: C506 | B60: Nicole Armstrong | C60: 57 | D60: F | E60: Sungle | F60: 45440 | G60: 9500
A61: C123 | B61: John Sharp | C61: twenty | D61: F | E61: Single | F61: 43415 | G61: 1500 | H61: south africa
A62: C484 | B62: Vanessa Mejia | D62: F | E62: Marrd | F62: 25-06-1973 | G62: 9500 | H62: spain
A63: C107 | B63: Amy Snow | C63: twenty | D63: female | E63: Single | F63: 39631 | G63: 85.340274 | H63: lagos
A64: C032 | B64: Tonya Garcia | C64: 40 | D64: MALE | E64: Marrd | F64: 45297 | G64: 9500
A65: C188 | B65: Caleb Peterson | D65: Female | E65: Marrd | F65: 45048 | G65: 1500
A66: C409 | B66: jacob rogers | C66: twenty | D66: Male | E66: Single | F66: 44450 | G66: 1500
A67: C732 | B67: Samantha Miller | C67: twenty | D67: M | E67: Single | F67: 36789 | G67: 9500 | H67: lagos
A68: C938 | B68: Elizabeth Wright | C68: twenty | D68: Female | E68: Single | F68: 43554 | G68: 1438.8388
A69: C738 | B69: Sharon Simpson | C69: 36 | D69: Male | E69: Marrd | F69: 45298 | G69: 7400
A70: C497 | B70: Laura Olson | D70: Male | E70: Marrd | F70: 42253 | G70: 415.04744
A71: C676 | B71: Robert Gill | D71: M | E71: Single | F71: 16-01-1981 | G71: 1500
A72: C300 | B72: Lisa Huff | D72: Male | E72: Single | F72: 42802 | G72: 2910 | H72: india
A73: C793 | B73: Carlos Hall | C73: 34 | D73: M | E73: Single | F73: 45531 | G73: 1500 | H73: india
A74: C646 | B74: Neil Weaver | C74: 54 | D74: F | E74: Marrd | F74: 32760 | G74: 5614.7168
A75: C646 | B75: Neil Weaver | C75: twenty | D75: F | E75: Single | F75: 32760 | G75: 5614.7168 | H75: india
A76: C646 | B76: Neil Weaver | C76: twenty | D76: F | E76: Single | F76: 32760 | G76: 5614.7168 | H76: india
A77: C150 | B77: Brandy Gill | D77: F | E77: Single | F77: 45533 | G77: 4671.3123 | H77: lagos
A78: C761 | B78: Danny Morris | C78: 46 | D78: Female | E78: Single | F78: 45487 | G78: 9500
A79: C410 | B79: Stephanie Henson | D79: female | E79: Single | F79: 45378 | G79: 1500 | H79: spain
A80: C364 | B80: Kathleen Marsh | C80: 22 | D80: F | E80: Sungle | F80: 44369 | G80: 78000 | H80: spain
A81: C709 | B81: Jennifer Myers | D81: Female | E81: Marrd | F81: 45387 | G81: 9500
A82: C241 | B82: Dakota Banks | C82: 21 | D82: Female | E82: Marrd | F82: 45354 | G82: 622.97882
A83: C181 | B83: Laurie Washington | C83: twenty | D83: Female | E83: Marrd | F83: 26-04-1988 | G83: 9500 | H83: south africa
A84: C908 | B84: barbara johnson | C84: 25 | D84: F | E84: Marrd | F84: 45511 | G84: 5600
A85: C908 | B85: barbara johnson | C85: 22 | D85: F | E85: Marrd | F85: 45511 | G85: 1200
A86: C041 | B86: Adam Henderson | C86: twenty | D86: F | E86: Marrd | F86: 21-03-1973 | G86: 6000
A87: C486 | B87: Keith Pearson | D87: Female | E87: Marrd | F87: 18-04-1995 | G87: 1500 | H87: south africa
A88: C194 | B88: Michele Guzman | D88: Female | E88: Marrd | F88: 45529 | G88: 1000 | H88: south africa
A89: C877 | B89: Debbie Trujillo | C89: 59 | D89: Female | E89: Sungle | F89: 40567 | G89: 430 | H89: south africa
A90: C101 | B90: Hector Bowen | C90: twenty | D90: M | E90: Marrd | F90: 45470 | G90: 9389.905 | H90: lagos
A91: C617 | B91: Margaret Chapman | D91: Female | E91: Marrd | F91: 43665 | G91: 9500 | H91: india
A92: C018 | B92: aaron gardner | C92: twenty | D92: Male | E92: Marrd | F92: 43719 | G92: 1500 | H92: spain
A93: C965 | B93: Andrew Gaines | C93: twenty | D93: Male | E93: Marrd | F93: 27-10-2003 | G93: 969.30685 | H93: south africa
A94: C505 | B94: John Zimmerman | D94: F | E94: Sungle | F94: 17-12-2008 | G94: 9626.6636
A95: C671 | B95: Olivia Hall | C95: 69 | D95: Female | E95: Sungle | F95: 45551 | G95: 9500 | H95: india
A96: C677 | B96: Michelle Brown | C96: twenty | D96: Female | E96: Sungle | F96: 40280 | G96: 9500
A97: C479 | B97: Jacob Mcintosh | C97: twenty | D97: Male | E97: Marrd | F97: 45325 | G97: 1500 | H97: spain
A98: C760 | B98: Veronica Mcdaniel | C98: 27 | D98: M | E98: Single | F98: 29-07-1979 | G98: 9500
A99: C608 | B99: Daniel Martin | C99: 67 | D99: M | E99: Sungle | F99: 35252 | G99: 9497.6641 | H99: lagos
A100: C852 | B100: Stephanie Rivera | D100: Female | E100: Single | F100: 45448 | G100: 9500
...

Sheet Cleaned Data
A1: Customer | B1: Name | C1: Age | D1: Gender | E1: Marital Status | F1: Purchase Date | G1: Purchase Date (Day) | H1: Purchase Date(Month) | I1: Amount | J1: Amount Status | K1: Location | L1: Transaction Identification | M1: Customer Location Using Customer ID
A2: C712 | B2: Elizabeth Evans | C2: 20 | D2: Male | E2: Single | F2: 29463 | G2: =TEXT(F2,"DDDD") -> Saturday | H2: =TEXT(F2,"MMMM") -> August | I2: 9500 | J2: =IF(LEN(TRIM(I2))=0,"Not Recorded","Recorded") -> Recorded | K2: South Africa | L2: =IF(I2>10000,"High value","Regular") -> Regular | M2: =_xlfn.XLOOKUP(A2,A:A,K:K,"Not Provided",0) -> South Africa
A3: C710 | B3: Michelle Carter | C3: 30 | D3: Female | E3: Single | F3: 44168 | G3: =TEXT(F3,"DDDD") -> Thursday | H3: =TEXT(F3,"MMMM") -> December | I3: 5512.8264 | J3: =IF(LEN(TRIM(I3))=0,"Not Recorded","Recorded") -> Recorded | K3: Lagos | L3: =IF(I3>10000,"High value","Regular") -> Regular | M3: =_xlfn.XLOOKUP(A3,A:A,K:K,"Not Provided",0) -> Lagos
A4: C660 | B4: Orge Sullivan | C4: 20 | D4: Female | E4: Single | F4: 45346 | G4: =TEXT(F4,"DDDD") -> Saturday | H4: =TEXT(F4,"MMMM") -> February | I4: 123000 | J4: =IF(LEN(TRIM(I4))=0,"Not Recorded","Recorded") -> Recorded | K4: Lagos | L4: =IF(I4>10000,"High value","Regular") -> High value | M4: =_xlfn.XLOOKUP(A4,A:A,K:K,"Not Provided",0) -> Lagos
A5: C256 | B5: Jennifer Silva | C5: 61 | D5: Male | E5: Married | F5: 27970 | G5: =TEXT(F5,"DDDD") -> Thursday | H5: =TEXT(F5,"MMMM") -> July | I5: 25000 | J5: =IF(LEN(TRIM(I5))=0,"Not Recorded","Recorded") -> Recorded | K5: Lagos | L5: =IF(I5>10000,"High value","Regular") -> High value | M5: =_xlfn.XLOOKUP(A5,A:A,K:K,"Not Provided",0) -> Lagos
A6: C877 | B6: Debbie Trujillo | C6: 59 | D6: Female | E6: Single | F6: 40567 | G6: =TEXT(F6,"DDDD") -> Monday | H6: =TEXT(F6,"MMMM") -> January | I6: 430 | J6: =IF(LEN(TRIM(I6))=0,"Not Recorded","Recorded") -> Recorded | K6: South Africa | L6: =IF(I6>10000,"High value","Regular") -> Regular | M6: =_xlfn.XLOOKUP(A6,A:A,K:K,"Not Provided",0) -> South Africa
A7: C101 | B7: Hector Bowen | C7: 20 | D7: Male | E7: Married | F7: 45470 | G7: =TEXT(F7,"DDDD") -> Thursday | H7: =TEXT(F7,"MMMM") -> June | I7: 9389.905 | J7: =IF(LEN(TRIM(I7))=0,"Not Recorded","Recorded") -> Recorded | K7: Lagos | L7: =IF(I7>10000,"High value","Regular") -> Regular | M7: =_xlfn.XLOOKUP(A7,A:A,K:K,"Not Provided",0) -> Lagos | T7: Regular | U7: =COUNTIF(L:L,T7) -> 457
A8: C617 | B8: Margaret Chapman | C8: 30 | D8: Female | E8: Married | F8: 43665 | G8: =TEXT(F8,"DDDD") -> Friday | H8: =TEXT(F8,"MMMM") -> July | I8: 9500 | J8: =IF(LEN(TRIM(I8))=0,"Not Recorded","Recorded") -> Recorded | K8: India | L8: =IF(I8>10000,"High value","Regular") -> Regular | M8: =_xlfn.XLOOKUP(A8,A:A,K:K,"Not Provided",0) -> India | T8: High value | U8: =COUNTIF(L:L,T8) -> 24
A9: C018 | B9: Aaron Gardner | C9: 20 | D9: Male | E9: Married | F9: 43778 | G9: =TEXT(F9,"DDDD") -> Saturday | H9: =TEXT(F9,"MMMM") -> November | I9: 1500 | J9: =IF(LEN(TRIM(I9))=0,"Not Recorded","Recorded") -> Recorded | K9: Spain | L9: =IF(I9>10000,"High value","Regular") -> Regular | M9: =_xlfn.XLOOKUP(A9,A:A,K:K,"Not Provided",0) -> Spain
A10: C920 | B10: Jennifer Brown | C10: 38 | D10: Female | E10: Single | F10: 40438 | G10: =TEXT(F10,"DDDD") -> Friday | H10: =TEXT(F10,"MMMM") -> September | I10: 1700 | J10: =IF(LEN(TRIM(I10))=0,"Not Recorded","Recorded") -> Recorded | K10: Lagos | L10: =IF(I10>10000,"High value","Regular") -> Regular | M10: =_xlfn.XLOOKUP(A10,A:A,K:K,"Not Provided",0) -> Lagos
A11: C422 | B11: Katie Mays | C11: 20 | D11: Female | E11: Single | F11: 36780 | G11: =TEXT(F11,"DDDD") -> Monday | H11: =TEXT(F11,"MMMM") -> September | I11: 45000 | J11: =IF(LEN(TRIM(I11))=0,"Not Recorded","Recorded") -> Recorded | K11: Not Provided | L11: =IF(I11>10000,"High value","Regular") -> High value | M11: =_xlfn.XLOOKUP(A11,A:A,K:K,"Not Provided",0) -> Not Provided
A12: C586 | B12: Jill Hudson | C12: 30 | D12: Male | E12: Single | F12: 45526 | G12: =TEXT(F12,"DDDD") -> Thursday | H12: =TEXT(F12,"MMMM") -> August | I12: 9500 | J12: =IF(LEN(TRIM(I12))=0,"Not Recorded","Recorded") -> Recorded | K12: India | L12: =IF(I12>10000,"High value","Regular") -> Regular | M12: =_xlfn.XLOOKUP(A12,A:A,K:K,"Not Provided",0) -> India
A13: C927 | B13: Victor Brown | C13: 20 | D13: Male | E13: Married | F13: 45492 | G13: =TEXT(F13,"DDDD") -> Friday | H13: =TEXT(F13,"MMMM") -> July | I13: 9821.6898 | J13: =IF(LEN(TRIM(I13))=0,"Not Recorded","Recorded") -> Recorded | K13: Not Provided | L13: =IF(I13>10000,"High value","Regular") -> Regular | M13: =_xlfn.XLOOKUP(A13,A:A,K:K,"Not Provided",0) -> Not Provided
A14: C704 | B14: James Graham | C14: 51 | D14: Male | E14: Married | F14: 43540 | G14: =TEXT(F14,"DDDD") -> Saturday | H14: =TEXT(F14,"MMMM") -> March | I14: 2500 | J14: =IF(LEN(TRIM(I14))=0,"Not Recorded","Recorded") -> Recorded | K14: South Africa | L14: =IF(I14>10000,"High value","Regular") -> Regular | M14: =_xlfn.XLOOKUP(A14,A:A,K:K,"Not Provided",0) -> South Africa
A15: C081 | B15: Danielle Mckinney | C15: 20 | D15: Male | E15: Single | F15: 37485 | G15: =TEXT(F15,"DDDD") -> Saturday | H15: =TEXT(F15,"MMMM") -> August | I15: 29370 | J15: =IF(LEN(TRIM(I15))=0,"Not Recorded","Recorded") -> Recorded | K15: India | L15: =IF(I15>10000,"High value","Regular") -> High value | M15: =_xlfn.XLOOKUP(A15,A:A,K:K,"Not Provided",0) -> India
A16: C868 | B16: Robert Atkinson | C16: 20 | D16: Female | E16: Single | F16: 37659 | G16: =TEXT(F16,"DDDD") -> Friday | H16: =TEXT(F16,"MMMM") -> February | I16: 242.10716 | J16: =IF(LEN(TRIM(I16))=0,"Not Recorded","Recorded") -> Recorded | K16: Spain | L16: =IF(I16>10000,"High value","Regular") -> Regular | M16: =_xlfn.XLOOKUP(A16,A:A,K:K,"Not Provided",0) -> Spain
A17: C565 | B17: Monica Reyes | C17: 30 | D17: Male | E17: Single | F17: 45628 | G17: =TEXT(F17,"DDDD") -> Monday | H17: =TEXT(F17,"MMMM") -> December | I17: 4148.4603 | J17: =IF(LEN(TRIM(I17))=0,"Not Recorded","Recorded") -> Recorded | K17: South Africa | L17: =IF(I17>10000,"High value","Regular") -> Regular | M17: =_xlfn.XLOOKUP(A17,A:A,K:K,"Not Provided",0) -> South Africa
A18: C952 | B18: Steven Wiley | C18: 20 | D18: Female | E18: Married | F18: 44037 | G18: =TEXT(F18,"DDDD") -> Saturday | H18: =TEXT(F18,"MMMM") -> July | I18: 8326.3703 | J18: =IF(LEN(TRIM(I18))=0,"Not Recorded","Recorded") -> Recorded | K18: South Africa | L18: =IF(I18>10000,"High value","Regular") -> Regular | M18: =_xlfn.XLOOKUP(A18,A:A,K:K,"Not Provided",0) -> South Africa
A19: C528 | B19: Caitlyn Maxwell | C19: 20 | D19: Male | E19: Single | F19: 44369 | G19: =TEXT(F19,"DDDD") -> Tuesday | H19: =TEXT(F19,"MMMM") -> June | I19: 9500 | J19: =IF(LEN(TRIM(I19))=0,"Not Recorded","Recorded") -> Recorded | K19: India | L19: =IF(I19>10000,"High value","Regular") -> Regular | M19: =_xlfn.XLOOKUP(A19,A:A,K:K,"Not Provided",0) -> India
A20: C859 | B20: Ashley Mcgee | C20: 20 | D20: Male | E20: Married | F20: 41324 | G20: =TEXT(F20,"DDDD") -> Tuesday | H20: =TEXT(F20,"MMMM") -> February | I20: 1500 | J20: =IF(LEN(TRIM(I20))=0,"Not Recorded","Recorded") -> Recorded | K20: South Africa | L20: =IF(I20>10000,"High value","Regular") -> Regular | M20: =_xlfn.XLOOKUP(A20,A:A,K:K,"Not Provided",0) -> South Africa
... A204: C498 | B204: Joshua Perry | C204: 20 | D204: Male | E204: Single | F204: 45414 | G204: =TEXT(F204,"DDDD") -> Thursday | H204: =TEXT(F204,"MMMM") -> May | I204: 9500 | J204: =IF(LEN(TRIM(I204))=0,"Not Recorded","Recorded") -> Recorded | K204: South Africa | L204: =IF(I204>10000,"High value","Regular") -> Regular | M204: =_xlfn.XLOOKUP(A204,A:A,K:K,"Not Provided",0) -> Spain
A205: C498 | B205: Joshua Perry | C205: 30 | D205: Male | E205: Single | F205: 45414 | G205: =TEXT(F205,"DDDD") -> Thursday | H205: =TEXT(F205,"MMMM") -> May | J205: =IF(LEN(TRIM(I205))=0,"Not Recorded","Recorded") -> Not Recorded | K205: Not Provided | L205: =IF(I205>10000,"High value","Regular") -> Regular | M205: =_xlfn.XLOOKUP(A205,A:A,K:K,"Not Provided",0) -> Spain
A206: C648 | B206: Colleen Chapman | C206: 20 | D206: Male | E206: Married | F206: 45306 | G206: =TEXT(F206,"DDDD") -> Monday | H206: =TEXT(F206,"MMMM") -> January | I206: 44000 | J206: =IF(LEN(TRIM(I206))=0,"Not Recorded","Recorded") -> Recorded | K206: Not Provided | L206: =IF(I206>10000,"High value","Regular") -> High value | M206: =_xlfn.XLOOKUP(A206,A:A,K:K,"Not Provided",0) -> Not Provided
A207: C653 | B207: Stephen Mcconnell | C207: 30 | D207: Female | E207: Single | F207: 39104 | G207: =TEXT(F207,"DDDD") -> Monday | H207: =TEXT(F207,"MMMM") -> January | I207: 9500 | J207: =IF(LEN(TRIM(I207))=0,"Not Recorded","Recorded") -> Recorded | K207: Lagos | L207: =IF(I207>10000,"High value","Regular") -> Regular | M207: =_xlfn.XLOOKUP(A207,A:A,K:K,"Not Provided",0) -> Lagos
A208: C013 | B208: Jay Christensen | C208: 30 | D208: Male | E208: Single | F208: 43554 | G208: =TEXT(F208,"DDDD") -> Saturday | H208: =TEXT(F208,"MMMM") -> March | I208: 9500 | J208: =IF(LEN(TRIM(I208))=0,"Not Recorded","Recorded") -> Recorded | K208: Not Provided | L208: =IF(I208>10000,"High value","Regular") -> Regular | M208: =_xlfn.XLOOKUP(A208,A:A,K:K,"Not Provided",0) -> Not Provided
A209: C386 | B209: Erica Davis | C209: 37 | D209: Male | E209: Married | F209: 45502 | G209: =TEXT(F209,"DDDD") -> Monday | H209: =TEXT(F209,"MMMM") -> July | I209: 750 | J209: =IF(LEN(TRIM(I209))=0,"Not Recorded","Recorded") -> Recorded | K209: India | L209: =IF(I209>10000,"High value","Regular") -> Regular | M209: =_xlfn.XLOOKUP(A209,A:A,K:K,"Not Provided",0) -> India
A210: C730 | B210: Lisa Perry | C210: 64 | D210: Male | E210: Married | F210: 44819 | G210: =TEXT(F210,"DDDD") -> Thursday | H210: =TEXT(F210,"MMMM") -> September | I210: 1568.6056 | J210: =IF(LEN(TRIM(I210))=0,"Not Recorded","Recorded") -> Recorded | K210: India | L210: =IF(I210>10000,"High value","Regular") -> Regular | M210: =_xlfn.XLOOKUP(A210,A:A,K:K,"Not Provided",0) -> India
A211: C178 | B211: Richard Brennan | C211: 20 | D211: Male | E211: Married | F211: 45489 | G211: =TEXT(F211,"DDDD") -> Tuesday | H211: =TEXT(F211,"MMMM") -> July | I211: 6075.4086 | J211: =IF(LEN(TRIM(I211))=0,"Not Recorded","Recorded") -> Recorded | K211: Not Provided | L211: =IF(I211>10000,"High value","Regular") -> Regular | M211: =_xlfn.XLOOKUP(A211,A:A,K:K,"Not Provided",0) -> Not Provided
A212: C614 | B212: Wanda Grant | C212: 24 | D212: Male | E212: Married | F212: 43531 | G212: =TEXT(F212,"DDDD") -> Thursday | H212: =TEXT(F212,"MMMM") -> March | I212: 6708.792 | J212: =IF(LEN(TRIM(I212))=0,"Not Recorded","Recorded") -> Recorded | K212: Not Provided | L212: =IF(I212>10000,"High value","Regular") -> Regular | M212: =_xlfn.XLOOKUP(A212,A:A,K:K,"Not Provided",0) -> Not Provided
A213: C861 | B213: Julie Valdez | C213: 34 | D213: Female | E213: Single | F213: 45374 | G213: =TEXT(F213,"DDDD") -> Saturday | H213: =TEXT(F213,"MMMM") -> March | I213: 1500 | J213: =IF(LEN(TRIM(I213))=0,"Not Recorded","Recorded") -> Recorded | K213: Spain | L213: =IF(I213>10000,"High value","Regular") -> Regular | M213: =_xlfn.XLOOKUP(A213,A:A,K:K,"Not Provided",0) -> Spain
A214: C367 | B214: Victoria Dudley | C214: 20 | D214: Male | E214: Married | F214: 26696 | G214: =TEXT(F214,"DDDD") -> Thursday | H214: =TEXT(F214,"MMMM") -> February | I214: 15000 | J214: =IF(LEN(TRIM(I214))=0,"Not Recorded","Recorded") -> Recorded | K214: India | L214: =IF(I214>10000,"High value","Regular") -> High value | M214: =_xlfn.XLOOKUP(A214,A:A,K:K,"Not Provided",0) -> India
A215: C635 | B215: Janet Brown | C215: 43 | D215: Female | E215: Single | F215: 40803 | G215: =TEXT(F215,"DDDD") -> Saturday | H215: =TEXT(F215,"MMMM") -> September | I215: 6318.7943 | J215: =IF(LEN(TRIM(I215))=0,"Not Recorded","Recorded") -> Recorded | K215: Not Provided | L215: =IF(I215>10000,"High value","Regular") -> Regular | M215: =_xlfn.XLOOKUP(A215,A:A,K:K,"Not Provided",0) -> Not Provided
A216: C745 | B216: Albert Oconnor | C216: 20 | D216: Male | E216: Married | F216: 45501 | G216: =TEXT(F216,"DDDD") -> Sunday | H216: =TEXT(F216,"MMMM") -> July | I216: 7600 | J216: =IF(LEN(TRIM(I216))=0,"Not Recorded","Recorded") -> Recorded | K216: South Africa | L216: =IF(I216>10000,"High value","Regular") -> Regular | M216: =_xlfn.XLOOKUP(A216,A:A,K:K,"Not Provided",0) -> South Africa
A217: C843 | B217: Stephanie Brown | C217: 66 | D217: Male | E217: Single | F217: 38026 | G217: =TEXT(F217,"DDDD") -> Monday | H217: =TEXT(F217,"MMMM") -> February | I217: 7500 | J217: =IF(LEN(TRIM(I217))=0,"Not Recorded","Recorded") -> Recorded | K217: Not Provided | L217: =IF(I217>10000,"High value","Regular") -> Regular | M217: =_xlfn.XLOOKUP(A217,A:A,K:K,"Not Provided",0) -> Not Provided
... A237: C468 | B237: Michelle Wallace | C237: 20 | D237: Male | E237: Single | F237: 45305 | G237: =TEXT(F237,"DDDD") -> Sunday | H237: =TEXT(F237,"MMMM") -> January | I237: 9500 | J237: =IF(LEN(TRIM(I237))=0,"Not Recorded","Recorded") -> Recorded | K237: Lagos | L237: =IF(I237>10000,"High value","Regular") -> Regular | M237: =_xlfn.XLOOKUP(A237,A:A,K:K,"Not Provided",0) -> Lagos
A238: C176 | B238: Emma Lynch | C238: 20 | D238: Female | E238: Single | F238: 44138 | G238: =TEXT(F238,"DDDD") -> Tuesday | H238: =TEXT(F238,"MMMM") -> November | J238: =IF(LEN(TRIM(I238))=0,"Not Recorded","Recorded") -> Not Recorded | K238: Lagos | L238: =IF(I238>10000,"High value","Regular") -> Regular | M238: =_xlfn.XLOOKUP(A238,A:A,K:K,"Not Provided",0) -> Lagos
A239: C431 | B239: Dillon Ryan | C239: 30 | D239: Male | E239: Single | F239: 45437 | G239: =TEXT(F239,"DDDD") -> Saturday | H239: =TEXT(F239,"MMMM") -> May | I239: 9500 | J239: =IF(LEN(TRIM(I239))=0,"Not Recorded","Recorded") -> Recorded | K239: Not Provided | L239: =IF(I239>10000,"High value","Regular") -> Regular | M239: =_xlfn.XLOOKUP(A239,A:A,K:K,"Not Provided",0) -> Not Provided
A240: C404 | B240: Robert Moore | C240: 30 | D240: Male | E240: Single | F240: 36850 | G240: =TEXT(F240,"DDDD") -> Monday | H240: =TEXT(F240,"MMMM") -> November | I240: 9500 | J240: =IF(LEN(TRIM(I240))=0,"Not Recorded","Recorded") -> Recorded | K240: Not Provided | L240: =IF(I240>10000,"High value","Regular") -> Regular | M240: =_xlfn.XLOOKUP(A240,A:A,K:K,"Not Provided",0) -> Not Provided
A241: C070 | B241: Reginald Brown | C241: 47 | D241: Female | E241: Married | F241: 40456 | G241: =TEXT(F241,"DDDD") -> Tuesday | H241: =TEXT(F241,"MMMM") -> October | I241: 850 | J241: =IF(LEN(TRIM(I241))=0,"Not Recorded","Recorded") -> Recorded | K241: Lagos | L241: =IF(I241>10000,"High value","Regular") -> Regular | M241: =_xlfn.XLOOKUP(A241,A:A,K:K,"Not Provided",0) -> Lagos
A242: C206 | B242: Amanda Nelson | C242: 20 | D242: Male | E242: Single | F242: 44033 | G242: =TEXT(F242,"DDDD") -> Tuesday | H242: =TEXT(F242,"MMMM") -> July | I242: 1500 | J242: =IF(LEN(TRIM(I242))=0,"Not Recorded","Recorded") -> Recorded | K242: Lagos | L242: =IF(I242>10000,"High value","Regular") -> Regular | M242: =_xlfn.XLOOKUP(A242,A:A,K:K,"Not Provided",0) -> Lagos
A243: C480 | B243: Sean Bowen | C243: 60 | D243: Female | E243: Married | F243: 43512 | G243: =TEXT(F243,"DDDD") -> Saturday | H243: =TEXT(F243,"MMMM") -> February | I243: 9500 | J243: =IF(LEN(TRIM(I243))=0,"Not Recorded","Recorded") -> Recorded | K243: Spain | L243: =IF(I243>10000,"High value","Regular") -> Regular | M243: =_xlfn.XLOOKUP(A243,A:A,K:K,"Not Provided",0) -> Spain
A244: C824 | B244: Laura Carr | C244: 26 | D244: female | E244: Single | F244: 39008 | G244: =TEXT(F244,"DDDD") -> Wednesday | H244: =TEXT(F244,"MMMM") -> October | I244: 1500 | J244: =IF(LEN(TRIM(I244))=0,"Not Recorded","Recorded") -> Recorded | K244: South Africa | L244: =IF(I244>10000,"High value","Regular") -> Regular | M244: =_xlfn.XLOOKUP(A244,A:A,K:K,"Not Provided",0) -> South Africa
A245: C824 | B245: Laura Carr | C245: 29 | D245: Female | E245: Married | F245: 39008 | G245: =TEXT(F245,"DDDD") -> Wednesday | H245: =TEXT(F245,"MMMM") -> October | I245: 1500 | J245: =IF(LEN(TRIM(I245))=0,"Not Recorded","Recorded") -> Recorded | K245: Not Provided | L245: =IF(I245>10000,"High value","Regular") -> Regular | M245: =_xlfn.XLOOKUP(A245,A:A,K:K,"Not Provided",0) -> South Africa
A246: C248 | B246: Jonathan Mack | C246: 41 | D246: Male | E246: Married | F246: 28958 | G246: =TEXT(F246,"DDDD") -> Friday | H246: =TEXT(F246,"MMMM") -> April | I246: 295.36425 | J246: =IF(LEN(TRIM(I246))=0,"Not Recorded","Recorded") -> Recorded | K246: Not Provided | L246: =IF(I246>10000,"High value","Regular") -> Regular | M246: =_xlfn.XLOOKUP(A246,A:A,K:K,"Not Provided",0) -> Not Provided
A247: C149 | B247: Patrick Stuart | C247: 30 | D247: Female | E247: Married | F247: 45441 | G247: =TEXT(F247,"DDDD") -> Wednesday | H247: =TEXT(F247,"MMMM") -> May | I247: 3760 | J247: =IF(LEN(TRIM(I247))=0,"Not Recorded","Recorded") -> Recorded | K247: Not Provided | L247: =IF(I247>10000,"High value","Regular") -> Regular | M247: =_xlfn.XLOOKUP(A247,A:A,K:K,"Not Provided",0) -> Not Provided
A248: C578 | B248: Christina Bernard | C248: 30 | D248: Male | E248: Single | F248: 28853 | G248: =TEXT(F248,"DDDD") -> Friday | H248: =TEXT(F248,"MMMM") -> December | I248: 1500 | J248: =IF(LEN(TRIM(I248))=0,"Not Recorded","Recorded") -> Recorded | K248: Lagos | L248: =IF(I248>10000,"High value","Regular") -> Regular | M248: =_xlfn.XLOOKUP(A248,A:A,K:K,"Not Provided",0) -> Lagos
A249: C469 | B249: Veronica Page | C249: 20 | D249: Female | E249: Single | F249: 45473 | G249: =TEXT(F249,"DDDD") -> Sunday | H249: =TEXT(F249,"MMMM") -> June | I249: 1500 | J249: =IF(LEN(TRIM(I249))=0,"Not Recorded","Recorded") -> Recorded | K249: India | L249: =IF(I249>10000,"High value","Regular") -> Regular | M249: =_xlfn.XLOOKUP(A249,A:A,K:K,"Not Provided",0) -> India
A250: C304 | B250: Joseph Jones | C250: 20 | D250: Female | E250: Married | F250: 44058 | G250: =TEXT(F250,"DDDD") -> Saturday | H250: =TEXT(F250,"MMMM") -> August | I250: 1230 | J250: =IF(LEN(TRIM(I250))=0,"Not Recorded","Recorded") -> Recorded | K250: Not Provided | L250: =IF(I250>10000,"High value","Regular") -> Regular | M250: =_xlfn.XLOOKUP(A250,A:A,K:K,"Not Provided",0) -> Not Provided
... A311: C471 | B311: Susan Porter | C311: 30 | D311: female | E311: Single | F311: 42450 | G311: =TEXT(F311,"DDDD") -> Monday | H311: =TEXT(F311,"MMMM") -> March | I311: 144.61121 | J311: =IF(LEN(TRIM(I311))=0,"Not Recorded","Recorded") -> Recorded | K311: Not Provided | L311: =IF(I311>10000,"High value","Regular") -> Regular | M311: =_xlfn.XLOOKUP(A311,A:A,K:K,"Not Provided",0) -> Not Provided
A312: C864 | B312: Jose Copeland | C312: 25 | D312: Male | E312: Single | F312: 44316 | G312: =TEXT(F312,"DDDD") -> Friday | H312: =TEXT(F312,"MMMM") -> April | J312: =IF(LEN(TRIM(I312))=0,"Not Recorded","Recorded") -> Not Recorded | K312: Not Provided | L312: =IF(I312>10000,"High value","Regular") -> Regular | M312: =_xlfn.XLOOKUP(A312,A:A,K:K,"Not Provided",0) -> Not Provided
A313: C163 | B313: Briana Hall | C313: 30 | D313: Male | E313: Single | F313: 41176 | G313: =TEXT(F313,"DDDD") -> Monday | H313: =TEXT(F313,"MMMM") -> September | I313: 6540 | J313: =IF(LEN(TRIM(I313))=0,"Not Recorded","Recorded") -> Recorded | K313: Lagos | L313: =IF(I313>10000,"High value","Regular") -> Regular | M313: =_xlfn.XLOOKUP(A313,A:A,K:K,"Not Provided",0) -> Lagos
A314: C396 | B314: Eric Taylor | C314: 30 | D314: Female | E314: Married | F314: 41512 | G314: =TEXT(F314,"DDDD") -> Monday | H314: =TEXT(F314,"MMMM") -> August | I314: 120.62753 | J314: =IF(LEN(TRIM(I314))=0,"Not Recorded","Recorded") -> Recorded | K314: Not Provided | L314: =IF(I314>10000,"High value","Regular") -> Regular | M314: =_xlfn.XLOOKUP(A314,A:A,K:K,"Not Provided",0) -> Not Provided
A315: C260 | B315: Keith Parks | C315: 36 | D315: Female | E315: Single | F315: 44033 | G315: =TEXT(F315,"DDDD") -> Tuesday | H315: =TEXT(F315,"MMMM") -> July | I315: 1500 | J315: =IF(LEN(TRIM(I315))=0,"Not Recorded","Recorded") -> Recorded | K315: Not Provided | L315: =IF(I315>10000,"High value","Regular") -> Regular | M315: =_xlfn.XLOOKUP(A315,A:A,K:K,"Not Provided",0) -> Not Provided
A316: C619 | B316: Samantha Boyer | C316: 50 | D316: Male | E316: Single | F316: 44168 | G316: =TEXT(F316,"DDDD") -> Thursday | H316: =TEXT(F316,"MMMM") -> December | I316: 9500 | J316: =IF(LEN(TRIM(I316))=0,"Not Recorded","Recorded") -> Recorded | K316: Not Provided | L316: =IF(I316>10000,"High value","Regular") -> Regular | M316: =_xlfn.XLOOKUP(A316,A:A,K:K,"Not Provided",0) -> Not Provided
A317: C043 | B317: Vanessa Fuentes | C317: 20 | D317: Female | E317: Married | F317: 37475 | G317: =TEXT(F317,"DDDD") -> Wednesday | H317: =TEXT(F317,"MMMM") -> August | I317: 95000 | J317: =IF(LEN(TRIM(I317))=0,"Not Recorded","Recorded") -> Recorded | K317: Lagos | L317: =IF(I317>10000,"High value","Regular") -> High value | M317: =_xlfn.XLOOKUP(A317,A:A,K:K,"Not Provided",0) -> Lagos
A318: C139 | B318: Robert Thomas | C318: 20 | D318: Male | E318: Single | F318: 45542 | G318: =TEXT(F318,"DDDD") -> Saturday | H318: =TEXT(F318,"MMMM") -> September | I318: 9500 | J318: =IF(LEN(TRIM(I318))=0,"Not Recorded","Recorded") -> Recorded | K318: India | L318: =IF(I318>10000,"High value","Regular") -> Regular | M318: =_xlfn.XLOOKUP(A318,A:A,K:K,"Not Provided",0) -> India
A319: C388 | B319: Jerry Perry | C319: 45 | D319: Male | E319: Married | F319: 31560 | G319: =TEXT(F319,"DDDD") -> Wednesday | H319: =TEXT(F319,"MMMM") -> May | I319: 8786.5887 | J319: =IF(LEN(TRIM(I319))=0,"Not Recorded","Recorded") -> Recorded | K319: Not Provided | L319: =IF(I319>10000,"High value","Regular") -> Regular | M319: =_xlfn.XLOOKUP(A319,A:A,K:K,"Not Provided",0) -> Not Provided
A320: C545 | B320: Jason David | C320: 20 | D320: Male | E320: Married | F320: 43665 | G320: =TEXT(F320,"DDDD") -> Friday | H320: =TEXT(F320,"MMMM") -> July | I320: 56000 | J320: =IF(LEN(TRIM(I320))=0,"Not Recorded","Recorded") -> Recorded | K320: Not Provided | L320: =IF(I320>10000,"High value","Regular") -> High value | M320: =_xlfn.XLOOKUP(A320,A:A,K:K,"Not Provided",0) -> Not Provided
A321: C721 | B321: Kristin Sullivan | C321: 20 | D321: Female | E321: Married | F321: 42626 | G321: =TEXT(F321,"DDDD") -> Tuesday | H321: =TEXT(F321,"MMMM") -> September | I321: 4211.7216 | J321: =IF(LEN(TRIM(I321))=0,"Not Recorded","Recorded") -> Recorded | K321: Spain | L321: =IF(I321>10000,"High value","Regular") -> Regular | M321: =_xlfn.XLOOKUP(A321,A:A,K:K,"Not Provided",0) -> Spain
A322: C995 | B322: Corey Burns | C322: 69 | D322: Female | E322: Single | F322: 44828 | G322: =TEXT(F322,"DDDD") -> Saturday | H322: =TEXT(F322,"MMMM") -> September | I322: 9500 | J322: =IF(LEN(TRIM(I322))=0,"Not Recorded","Recorded") -> Recorded | K322: Spain | L322: =IF(I322>10000,"High value","Regular") -> Regular | M322: =_xlfn.XLOOKUP(A322,A:A,K:K,"Not Provided",0) -> Spain
A323: C394 | B323: Amanda Stewart | C323: 22 | D323: Male | E323: Married | F323: 44037 | G323: =TEXT(F323,"DDDD") -> Saturday | H323: =TEXT(F323,"MMMM") -> July | I323: 773.42061 | J323: =IF(LEN(TRIM(I323))=0,"Not Recorded","Recorded") -> Recorded | K323: Lagos | L323: =IF(I323>10000,"High value","Regular") -> Regular | M323: =_xlfn.XLOOKUP(A323,A:A,K:K,"Not Provided",0) -> Lagos
A324: C597 | B324: Jason Yang | C324: 30 | D324: Female | E324: Single | F324: 45419 | G324: =TEXT(F324,"DDDD") -> Tuesday | H324: =TEXT(F324,"MMMM") -> May | I324: 7379.4752 | J324: =IF(LEN(TRIM(I324))=0,"Not Recorded","Recorded") -> Recorded | K324: Lagos | L324: =IF(I324>10000,"High value","Regular") -> Regular | M324: =_xlfn.XLOOKUP(A324,A:A,K:K,"Not Provided",0) -> Lagos
... A334: C258 | B334: Jennifer Garcia | C334: 30 | D334: Female | E334: Single | F334: 43750 | G334: =TEXT(F334,"DDDD") -> Saturday | H334: =TEXT(F334,"MMMM") -> October | I334: 1000 | J334: =IF(LEN(TRIM(I334))=0,"Not Recorded","Recorded") -> Recorded | K334: Not Provided | L334: =IF(I334>10000,"High value","Regular") -> Regular | M334: =_xlfn.XLOOKUP(A334,A:A,K:K,"Not Provided",0) -> Not Provided
A335: C258 | B335: Jennifer Garcia | C335: 35 | D335: Female | E335: Single | F335: 43750 | G335: =TEXT(F335,"DDDD") -> Saturday | H335: =TEXT(F335,"MMMM") -> October | J335: =IF(LEN(TRIM(I335))=0,"Not Recorded","Recorded") -> Not Recorded | K335: Spain | L335: =IF(I335>10000,"High value","Regular") -> Regular | M335: =_xlfn.XLOOKUP(A335,A:A,K:K,"Not Provided",0) -> Not Provided
A336: C604 | B336: Elizabeth Rose | C336: 30 | D336: Male | E336: Married | F336: 36811 | G336: =TEXT(F336,"DDDD") -> Thursday | H336: =TEXT(F336,"MMMM") -> October | I336: 1721.9063 | J336: =IF(LEN(TRIM(I336))=0,"Not Recorded","Recorded") -> Recorded | K336: Not Provided | L336: =IF(I336>10000,"High value","Regular") -> Regular | M336: =_xlfn.XLOOKUP(A336,A:A,K:K,"Not Provided",0) -> Not Provided
A337: C320 | B337: Alyssa Hill | C337: 30 | D337: female | E337: Single | F337: 45388 | G337: =TEXT(F337,"DDDD") -> Saturday | H337: =TEXT(F337,"MMMM") -> April | I337: 7600 | J337: =IF(LEN(TRIM(I337))=0,"Not Recorded","Recorded") -> Recorded | K337: Lagos | L337: =IF(I337>10000,"High value","Regular") -> Regular | M337: =_xlfn.XLOOKUP(A337,A:A,K:K,"Not Provided",0) -> Lagos
A338: C055 | B338: Rachel Ford | C338: 20 | D338: Male | E338: Single | F338: 45326 | G338: =TEXT(F338,"DDDD") -> Sunday | H338: =TEXT(F338,"MMMM") -> February | I338: 851.98983 | J338: =IF(LEN(TRIM(I338))=0,"Not Recorded","Recorded") -> Recorded | K338: Not Provided | L338: =IF(I338>10000,"High value","Regular") -> Regular | M338: =_xlfn.XLOOKUP(A338,A:A,K:K,"Not Provided",0) -> Not Provided
A339: C144 | B339: Holly Townsend | C339: 20 | D339: Female | E339: Single | F339: 37656 | G339: =TEXT(F339,"DDDD") -> Tuesday | H339: =TEXT(F339,"MMMM") -> February | I339: 220.57389 | J339: =IF(LEN(TRIM(I339))=0,"Not Recorded","Recorded") -> Recorded | K339: Lagos | L339: =IF(I339>10000,"High value","Regular") -> Regular | M339: =_xlfn.XLOOKUP(A339,A:A,K:K,"Not Provided",0) -> Lagos
A340: C345 | B340: Andrew Butler | C340: 30 | D340: Female | E340: Married | F340: 44509 | G340: =TEXT(F340,"DDDD") -> Tuesday | H340: =TEXT(F340,"MMMM") -> November | I340: 8746.9901 | J340: =IF(LEN(TRIM(I340))=0,"Not Recorded","Recorded") -> Recorded | K340: Not Provided | L340: =IF(I340>10000,"High value","Regular") -> Regular | M340: =_xlfn.XLOOKUP(A340,A:A,K:K,"Not Provided",0) -> Not Provided
A341: C438 | B341: Amy Gray | C341: 37 | D341: female | E341: Married | F341: 43597 | G341: =TEXT(F341,"DDDD") -> Sunday | H341: =TEXT(F341,"MMMM") -> May | I341: 9500 | J341: =IF(LEN(TRIM(I341))=0,"Not Recorded","Recorded") -> Recorded | K341: South Africa | L341: =IF(I341>10000,"High value","Regular") -> Regular | M341: =_xlfn.XLOOKUP(A341,A:A,K:K,"Not Provided",0) -> South Africa
A342: C948 | B342: Carla Garrett | C342: 30 | D342: Male | E342: Married | F342: 41397 | G342: =TEXT(F342,"DDDD") -> Friday | H342: =TEXT(F342,"MMMM") -> May | I342: 9500 | J342: =IF(LEN(TRIM(I342))=0,"Not Recorded","Recorded") -> Recorded | K342: South Africa | L342: =IF(I342>10000,"High value","Regular") -> Regular | M342: =_xlfn.XLOOKUP(A342,A:A,K:K,"Not Provided",0) -> South Africa
A343: C983 | B343: Stephanie Price | C343: 20 | D343: Female | E343: Married | F343: 36908 | G343: =TEXT(F343,"DDDD") -> Wednesday | H343: =TEXT(F343,"MMMM") -> January | I343: 669.37549 | J343: =IF(LEN(TRIM(I343))=0,"Not Recorded","Recorded") -> Recorded | K343: Spain | L343: =IF(I343>10000,"High value","Regular") -> Regular | M343: =_xlfn.XLOOKUP(A343,A:A,K:K,"Not Provided",0) -> Spain
A344: C058 | B344: Robert Santos | C344: 52 | D344: Male | E344: Single | F344: 37738 | G344: =TEXT(F344,"DDDD") -> Sunday | H344: =TEXT(F344,"MMMM") -> April | I344: 951.17887 | J344: =IF(LEN(TRIM(I344))=0,"Not Recorded","Recorded") -> Recorded | K344: Not Provided | L344: =IF(I344>10000,"High value","Regular") -> Regular | M344: =_xlfn.XLOOKUP(A344,A:A,K:K,"Not Provided",0) -> Not Provided
A345: C182 | B345: Tabitha Murray | C345: 21 | D345: Female | E345: Married | F345: 32157 | G345: =TEXT(F345,"DDDD") -> Friday | H345: =TEXT(F345,"MMMM") -> January | I345: 1227.0816 | J345: =IF(LEN(TRIM(I345))=0,"Not Recorded","Recorded") -> Recorded | K345: Lagos | L345: =IF(I345>10000,"High value","Regular") -> Regular | M345: =_xlfn.XLOOKUP(A345,A:A,K:K,"Not Provided",0) -> Lagos
A346: C485 | B346: Renee Hernandez | C346: 30 | D346: Male | E346: Married | F346: 35486 | G346: =TEXT(F346,"DDDD") -> Tuesday | H346: =TEXT(F346,"MMMM") -> February | I346: 9500 | J346: =IF(LEN(TRIM(I346))=0,"Not Recorded","Recorded") -> Recorded | K346: Spain | L346: =IF(I346>10000,"High value","Regular") -> Regular | M346: =_xlfn.XLOOKUP(A346,A:A,K:K,"Not Provided",0) -> Spain
A347: C083 | B347: Michael Velasquez | C347: 60 | D347: Male | E347: Single | F347: 32136 | G347: =TEXT(F347,"DDDD") -> Friday | H347: =TEXT(F347,"MMMM") -> December | I347: 9500 | J347: =IF(LEN(TRIM(I347))=0,"Not Recorded","Recorded") -> Recorded | K347: South Africa | L347: =IF(I347>10000,"High value","Regular") -> Regular | M347: =_xlfn.XLOOKUP(A347,A:A,K:K,"Not Provided",0) -> South Africa
... A375: C813 | B375: Richard Duarte | C375: 60 | D375: Female | E375: Single | F375: 42135 | G375: =TEXT(F375,"DDDD") -> Monday | H375: =TEXT(F375,"MMMM") -> May | I375: 2903.4007 | J375: =IF(LEN(TRIM(I375))=0,"Not Recorded","Recorded") -> Recorded | K375: Spain | L375: =IF(I375>10000,"High value","Regular") -> Regular | M375: =_xlfn.XLOOKUP(A375,A:A,K:K,"Not Provided",0) -> Spain
A376: C436 | B376: Brent Johnson | C376: 20 | D376: Male | E376: Single | F376: 44238 | G376: =TEXT(F376,"DDDD") -> Thursday | H376: =TEXT(F376,"MMMM") -> February | J376: =IF(LEN(TRIM(I376))=0,"Not Recorded","Recorded") -> Not Recorded | K376: Not Provided | L376: =IF(I376>10000,"High value","Regular") -> Regular | M376: =_xlfn.XLOOKUP(A376,A:A,K:K,"Not Provided",0) -> Not Provided
A377: C905 | B377: Karen Martinez | C377: 20 | D377: Male | E377: Single | F377: 43874 | G377: =TEXT(F377,"DDDD") -> Thursday | H377: =TEXT(F377,"MMMM") -> February | I377: 663.36226 | J377: =IF(LEN(TRIM(I377))=0,"Not Recorded","Recorded") -> Recorded | K377: Not Provided | L377: =IF(I377>10000,"High value","Regular") -> Regular | M377: =_xlfn.XLOOKUP(A377,A:A,K:K,"Not Provided",0) -> Not Provided
A378: C239 | B378: Brandon Melton | C378: 30 | D378: Male | E378: Married | F378: 43326 | G378: =TEXT(F378,"DDDD") -> Tuesday | H378: =TEXT(F378,"MMMM") -> August | I378: 6989.9171 | J378: =IF(LEN(TRIM(I378))=0,"Not Recorded","Recorded") -> Recorded | K378: Lagos | L378: =IF(I378>10000,"High value","Regular") -> Regular | M378: =_xlfn.XLOOKUP(A378,A:A,K:K,"Not Provided",0) -> Lagos
A379: C943 | B379: Joel Rivera | C379: 30 | D379: Female | E379: Married | F379: 39296 | G379: =TEXT(F379,"DDDD") -> Thursday | H379: =TEXT(F379,"MMMM") -> August | I379: 1500 | J379: =IF(LEN(TRIM(I379))=0,"Not Recorded","Recorded") -> Recorded | K379: Spain | L379: =IF(I379>10000,"High value","Regular") -> Regular | M379: =_xlfn.XLOOKUP(A379,A:A,K:K,"Not Provided",0) -> Spain
A380: C257 | B380: Jacqueline Brooks | C380: 30 | D380: Male | E380: Single | F380: 44211 | G380: =TEXT(F380,"DDDD") -> Friday | H380: =TEXT(F380,"MMMM") -> January | I380: 430.43242 | J380: =IF(LEN(TRIM(I380))=0,"Not Recorded","Recorded") -> Recorded | K380: India | L380: =IF(I380>10000,"High value","Regular") -> Regular | M380: =_xlfn.XLOOKUP(A380,A:A,K:K,"Not Provided",0) -> India
A381: C044 | B381: Alexandra Williamson | C381: 24 | D381: Female | E381: Single | F381: 45299 | G381: =TEXT(F381,"DDDD") -> Monday | H381: =TEXT(F381,"MMMM") -> January | I381: 9500 | J381: =IF(LEN(TRIM(I381))=0,"Not Recorded","Recorded") -> Recorded | K381: Spain | L381: =IF(I381>10000,"High value","Regular") -> Regular | M381: =_xlfn.XLOOKUP(A381,A:A,K:K,"Not Provided",0) -> Spain
A382: C044 | B382: Alexandra Williamson | C382: 30 | D382: Female | E382: Single | F382: 45299 | G382: =TEXT(F382,"DDDD") -> Monday | H382: =TEXT(F382,"MMMM") -> January | I382: 9500 | J382: =IF(LEN(TRIM(I382))=0,"Not Recorded","Recorded") -> Recorded | K382: Not Provided | L382: =IF(I382>10000,"High value","Regular") -> Regular | M382: =_xlfn.XLOOKUP(A382,A:A,K:K,"Not Provided",0) -> Spain
A383: C776 | B383: William King | C383: 20 | D383: Male | E383: Single | F383: 35510 | G383: =TEXT(F383,"DDDD") -> Friday | H383: =TEXT(F383,"MMMM") -> March | I383: 1000 | J383: =IF(LEN(TRIM(I383))=0,"Not Recorded","Recorded") -> Recorded | K383: India | L383: =IF(I383>10000,"High value","Regular") -> Regular | M383: =_xlfn.XLOOKUP(A383,A:A,K:K,"Not Provided",0) -> India
A384: C776 | B384: William King | C384: 20 | D384: Male | E384: Single | F384: 35510 | G384: =TEXT(F384,"DDDD") -> Friday | H384: =TEXT(F384,"MMMM") -> March | J384: =IF(LEN(TRIM(I384))=0,"Not Recorded","Recorded") -> Not Recorded | K384: India | L384: =IF(I384>10000,"High value","Regular") -> Regular | M384: =_xlfn.XLOOKUP(A384,A:A,K:K,"Not Provided",0) -> India
A385: C776 | B385: William King | C385: 32 | D385: Male | E385: Single | F385: 35510 | G385: =TEXT(F385,"DDDD") -> Friday | H385: =TEXT(F385,"MMMM") -> March | J385: =IF(LEN(TRIM(I385))=0,"Not Recorded","Recorded") -> Not Recorded | K385: South Africa | L385: =IF(I385>10000,"High value","Regular") -> Regular | M385: =_xlfn.XLOOKUP(A385,A:A,K:K,"Not Provided",0) -> India
A386: C012 | B386: Kathryn Weiss | C386: 30 | D386: Female | E386: Married | F386: 42685 | G386: =TEXT(F386,"DDDD") -> Friday | H386: =TEXT(F386,"MMMM") -> November | I386: 268.07397 | J386: =IF(LEN(TRIM(I386))=0,"Not Recorded","Recorded") -> Recorded | K386: South Africa | L386: =IF(I386>10000,"High value","Regular") -> Regular | M386: =_xlfn.XLOOKUP(A386,A:A,K:K,"Not Provided",0) -> South Africa
A387: C075 | B387: Tanner Johnson | C387: 20 | D387: Female | E387: Single | F387: 43747 | G387: =TEXT(F387,"DDDD") -> Wednesday | H387: =TEXT(F387,"MMMM") -> October | I387: 1500 | J387: =IF(LEN(TRIM(I387))=0,"Not Recorded","Recorded") -> Recorded | K387: Lagos | L387: =IF(I387>10000,"High value","Regular") -> Regular | M387: =_xlfn.XLOOKUP(A387,A:A,K:K,"Not Provided",0) -> Lagos
A388: C967 | B388: Christopher Johnson | C388: 20 | D388: Male | E388: Married | F388: 44033 | G388: =TEXT(F388,"DDDD") -> Tuesday | H388: =TEXT(F388,"MMMM") -> July | I388: 2500.9727 | J388: =IF(LEN(TRIM(I388))=0,"Not Recorded","Recorded") -> Recorded | K388: Spain | L388: =IF(I388>10000,"High value","Regular") -> Regular | M388: =_xlfn.XLOOKUP(A388,A:A,K:K,"Not Provided",0) -> Spain
A389: C165 | B389: Kaitlin Douglas | C389: 20 | D389: Male | E389: Married | F389: 37492 | G389: =TEXT(F389,"DDDD") -> Saturday | H389: =TEXT(F389,"MMMM") -> August | I389: 9500 | J389: =IF(LEN(TRIM(I389))=0,"Not Recorded","Recorded") -> Recorded | K389: Spain | L389: =IF(I389>10000,"High value","Regular") -> Regular | M389: =_xlfn.XLOOKUP(A389,A:A,K:K,"Not Provided",0) -> Spain
A390: C103 | B390: Bryan Stone | C390: 20 | D390: Male | E390: Married | F390: 45555 | G390: =TEXT(F390,"DDDD") -> Friday | H390: =TEXT(F390,"MMMM") -> September | I390: 6163.9778 | J390: =IF(LEN(TRIM(I390))=0,"Not Recorded","Recorded") -> Recorded | K390: Not Provided | L390: =IF(I390>10000,"High value","Regular") -> Regular | M390: =_xlfn.XLOOKUP(A390,A:A,K:K,"Not Provided",0) -> Not Provided
A391: C259 | B391: Jason Mckenzie | C391: 53 | D391: Male | E391: Single | F391: 44479 | G391: =TEXT(F391,"DDDD") -> Sunday | H391: =TEXT(F391,"MMMM") -> October | I391: 1500 | J391: =IF(LEN(TRIM(I391))=0,"Not Recorded","Recorded") -> Recorded | K391: Not Provided | L391: =IF(I391>10000,"High value","Regular") -> Regular | M391: =_xlfn.XLOOKUP(A391,A:A,K:K,"Not Provided",0) -> Not Provided
A392: C517 | B392: Jonathan Johnson | C392: 20 | D392: Female | E392: Married | F392: 44238 | G392: =TEXT(F392,"DDDD") -> Thursday | H392: =TEXT(F392,"MMMM") -> February | I392: 420.04532 | J392: =IF(LEN(TRIM(I392))=0,"Not Recorded","Recorded") -> Recorded | K392: Lagos | L392: =IF(I392>10000,"High value","Regular") -> Regular | M392: =_xlfn.XLOOKUP(A392,A:A,K:K,"Not Provided",0) -> Lagos
A393: C359 | B393: Patricia Lowe | C393: 20 | D393: Male | E393: Single | F393: 44662 | G393: =TEXT(F393,"DDDD") -> Monday | H393: =TEXT(F393,"MMMM") -> April | I393: 840 | J393: =IF(LEN(TRIM(I393))=0,"Not Recorded","Recorded") -> Recorded | K393: India | L393: =IF(I393>10000,"High value","Regular") -> Regular | M393: =_xlfn.XLOOKUP(A393,A:A,K:K,"Not Provided",0) -> India
A394: C315 | B394: Scott Barnes | C394: 20 | D394: Female | E394: Married | F394: 44521 | G394: =TEXT(F394,"DDDD") -> Sunday | H394: =TEXT(F394,"MMMM") -> November | I394: 2500 | J394: =IF(LEN(TRIM(I394))=0,"Not Recorded","Recorded") -> Recorded | K394: Not Provided | L394: =IF(I394>10000,"High value","Regular") -> Regular | M394: =_xlfn.XLOOKUP(A394,A:A,K:K,"Not Provided",0) -> Not Provided
A395: C291 | B395: Lynn Daniels | C395: 20 | D395: Male | E395: Married | F395: 32539 | G395: =TEXT(F395,"DDDD") -> Tuesday | H395: =TEXT(F395,"MMMM") -> January | I395: 5400 | J395: =IF(LEN(TRIM(I395))=0,"Not Recorded","Recorded") -> Recorded | K395: Not Provided | L395: =IF(I395>10000,"High value","Regular") -> Regular | M395: =_xlfn.XLOOKUP(A395,A:A,K:K,"Not Provided",0) -> Not Provided
A396: C253 | B396: Peter Pierce | C396: 20 | D396: Male | E396: Married | F396: 39011 | G396: =TEXT(F396,"DDDD") -> Saturday | H396: =TEXT(F396,"MMMM") -> October | I396: 278.88749 | J396: =IF(LEN(TRIM(I396))=0,"Not Recorded","Recorded") -> Recorded | K396: South Africa | L396: =IF(I396>10000,"High value","Regular") -> Regular | M396: =_xlfn.XLOOKUP(A396,A:A,K:K,"Not Provided",0) -> South Africa
A397: C685 | B397: Natalie Hale | C397: 30 | D397: Male | E397: Single | F397: 41883 | G397: =TEXT(F397,"DDDD") -> Monday | H397: =TEXT(F397,"MMMM") -> September | I397: 6300 | J397: =IF(LEN(TRIM(I397))=0,"Not Recorded","Recorded") -> Recorded | K397: India | L397: =IF(I397>10000,"High value","Regular") -> Regular | M397: =_xlfn.XLOOKUP(A397,A:A,K:K,"Not Provided",0) -> India
... A474: C229 | B474: Desiree Landry | C474: 30 | D474: Male | E474: Single | F474: 44203 | G474: =TEXT(F474,"DDDD") -> Thursday | H474: =TEXT(F474,"MMMM") -> January | I474: 25000 | J474: =IF(LEN(TRIM(I474))=0,"Not Recorded","Recorded") -> Recorded | K474: Not Provided | L474: =IF(I474>10000,"High value","Regular") -> High value | M474: =_xlfn.XLOOKUP(A474,A:A,K:K,"Not Provided",0) -> Not Provided
...

Sheet Analysis Sheet
A1: Customer Count and Revenue Contribution by Location | F1: Monthly Revenue Trends | J1: Gender Based Analysis
A2: Location | B2: Number of Customers | C2: Revenue Contribution | F2: January | G2: =SUMIF('Cleaned Data'!H:H,'Analysis Sheet'!$F2,'Cleaned Data'!I:I) -> 322096.53 | J2: Gender | K2: Total Spenidng
A3: Lagos | B3: =COUNTIF('Cleaned Data'!K:K,$A3) -> 91 | C3: =SUMIF('Cleaned Data'!$K:$K,$A3,'Cleaned Data'!$I:$I) -> 601615.17 | F3: February | G3: =SUMIF('Cleaned Data'!H:H,'Analysis Sheet'!$F3,'Cleaned Data'!I:I) -> 286792.93 | J3: Male | K3: =SUMIF('Cleaned Data'!D:D,'Analysis Sheet'!$J3,'Cleaned Data'!I:I) -> 1498241.7
A4: Spain | B4: =COUNTIF('Cleaned Data'!K:K,$A4) -> 80 | C4: =SUMIF('Cleaned Data'!$K:$K,$A4,'Cleaned Data'!$I:$I) -> 468878.58 | F4: March | G4: =SUMIF('Cleaned Data'!H:H,'Analysis Sheet'!$F4,'Cleaned Data'!I:I) -> 183293.39 | J4: Female | K4: =SUMIF('Cleaned Data'!D:D,'Analysis Sheet'!$J4,'Cleaned Data'!I:I) -> 1310698.6
A5: India | B5: =COUNTIF('Cleaned Data'!K:K,$A5) -> 60 | C5: =SUMIF('Cleaned Data'!$K:$K,$A5,'Cleaned Data'!$I:$I) -> 329239.75 | F5: April | G5: =SUMIF('Cleaned Data'!H:H,'Analysis Sheet'!$F5,'Cleaned Data'!I:I) -> 316595.83
A6: South Africa | B6: =COUNTIF('Cleaned Data'!K:K,$A6) -> 68 | C6: =SUMIF('Cleaned Data'!$K:$K,$A6,'Cleaned Data'!$I:$I) -> 322588.36 | F6: May | G6: =SUMIF('Cleaned Data'!H:H,'Analysis Sheet'!$F6,'Cleaned Data'!I:I) -> 273687.49
A7: Total | B7: =SUM(B3:B6) -> 299 | C7: =SUM(C3:C6) -> 1722321.9 | F7: June | G7: =SUMIF('Cleaned Data'!H:H,'Analysis Sheet'!$F7,'Cleaned Data'!I:I) -> 212244.15
F8: July | G8: =SUMIF('Cleaned Data'!H:H,'Analysis Sheet'!$F8,'Cleaned Data'!I:I) -> 254748.31
F9: August | G9: =SUMIF('Cleaned Data'!H:H,'Analysis Sheet'!$F9,'Cleaned Data'!I:I) -> 295542.83
F10: September | G10: =SUMIF('Cleaned Data'!H:H,'Analysis Sheet'!$F10,'Cleaned Data'!I:I) -> 203770.43
A11: Gender-Based Revenue Analysis | F11: October | G11: =SUMIF('Cleaned Data'!H:H,'Analysis Sheet'!$F11,'Cleaned Data'!I:I) -> 102512.41
A12: Gender | B12: Total Spend ($) | C12: Average Spend($) | F12: November | G12: =SUMIF('Cleaned Data'!H:H,'Analysis Sheet'!$F12,'Cleaned Data'!I:I) -> 196744.17
A13: Male | B13: =SUMIF('Cleaned Data'!D:D,"Male",'Cleaned Data'!I:I) -> 1498241.7 | C13: =AVERAGEIF('Cleaned Data'!D:D,"Male",'Cleaned Data'!I:I) -> 6115.2723 | F13: December | G13: =SUMIF('Cleaned Data'!H:H,'Analysis Sheet'!$F13,'Cleaned Data'!I:I) -> 160911.8
A14: Female | B14: =SUMIF('Cleaned Data'!D:D,"Female",'Cleaned Data'!I:I) -> 1310698.6 | C14: =AVERAGEIF('Cleaned Data'!D:D,"Female",'Cleaned Data'!I:I) -> 5799.5512
A17: Marital Status Spending Behaviour
A18: Single | B18: =AVERAGEIF('Cleaned Data'!E:E,"Single",'Cleaned Data'!I:I) -> 6480.897 | F18: High value Transaction identification
A19: Married | B19: =AVERAGEIF('Cleaned Data'!E:E,"Married",'Cleaned Data'!I:I) -> 5393.5656 | F19: Regular | G19: =COUNTIF('Cleaned Data'!L:L,"Regular") -> 457
F20: High value | G20: =COUNTIF('Cleaned Data'!L:L,"High value") -> 24
A23: Revenue by Days of the Week
A24: Days of the Week | B24: Purchase Frequency | F24: Data completeness and quality review
A25: Monday | B25: =SUMIF('Cleaned Data'!G:G,'Analysis Sheet'!$A25,'Cleaned Data'!I:I) -> 489674.35 | F25: Location | G25: No of Customers
A26: Tuesday | B26: =SUMIF('Cleaned Data'!G:G,'Analysis Sheet'!$A26,'Cleaned Data'!I:I) -> 390792.52 | F26: India | G26: =COUNTIF('Cleaned Data'!K:K,'Analysis Sheet'!$F26) -> 60
A27: Wednesday | B27: =SUMIF('Cleaned Data'!G:G,'Analysis Sheet'!$A27,'Cleaned Data'!I:I) -> 347664.09 | F27: Lagos | G27: =COUNTIF('Cleaned Data'!K:K,'Analysis Sheet'!$F27) -> 91
A28: Thursday | B28: =SUMIF('Cleaned Data'!G:G,'Analysis Sheet'!$A28,'Cleaned Data'!I:I) -> 334101.11 | F28: South Africa | G28: =COUNTIF('Cleaned Data'!K:K,'Analysis Sheet'!$F28) -> 68
A29: Friday | B29: =SUMIF('Cleaned Data'!G:G,'Analysis Sheet'!$A29,'Cleaned Data'!I:I) -> 478467.13 | F29: Spain | G29: =COUNTIF('Cleaned Data'!K:K,'Analysis Sheet'!$F29) -> 80
A30: Saturday | B30: =SUMIF('Cleaned Data'!G:G,'Analysis Sheet'!$A30,'Cleaned Data'!I:I) -> 524784.17 | F30: Not Provided | G30: =COUNTIF('Cleaned Data'!K:K,'Analysis Sheet'!$F30) -> 182
A31: Sunday | B31: =SUMIF('Cleaned Data'!G:G,'Analysis Sheet'!$A31,'Cleaned Data'!I:I) -> 243456.9

Sheet Sheet7
A1: Days of the Week | B1: Frequency count
A2: Friday | B2: 84
A3: Monday | B3: 77
A4: Tuesday | B4: 75
A5: Thursday | B5: 69
A6: Saturday | B6: 69
A7: Sunday | B7: 64
A8: Wednesday | B8: 43

Sheet KPIS
A1: Name | B1: Amount
A2: Orge Sullivan | B2: 123000
A3: Holly Hall | B3: 120000
A4: Vanessa Fuentes | B4: 95000
A5: Sarah Sanchez | B5: 90000 | I5: Row Labels | J5: Sum of Amount
A6: Kathleen Marsh | B6: 78000 | I6: Orge Sullivan | J6: 123000
A7: Jason David | B7: 56000 | I7: Holly Hall | J7: 120000
A8: Keith Matthews | B8: 54000 | I8: Vanessa Fuentes | J8: 95000
A9: Richard Johnson | B9: 50000 | I9: Sarah Sanchez | J9: 90000
A10: Katie Mays | B10: 45000 | I10: Kathleen Marsh | J10: 78000
A11: Colleen Chapman | B11: 44000 | I11: Grand Total | J11: 506000
A12: Jeremy Wilson | B12: 34000
A13: Danielle Mckinney | B13: 29370
A14: Jennifer Silva | B14: 25000
A15: Desiree Landry | B15: 25000
A16: Scott Beard | B16: 23000
A17: Robert Martinez | B17: 18000
A18: Charles Ryan | B18: 17500
A19: Erica Hall | B19: 17000
A20: Nancy Roach | B20: 17000
A21: Victoria Dudley | B21: 15000
A22: Kimberly Schultz | B22: 14000
A23: Tina Curtis | B23: 13500
... A472: Marilyn Rodriguez | B472: 4.7349789
A473: Joshua Perry
A474: Emma Lynch
A475: Jose Copeland
A476: Jennifer Garcia
A477: Brent Johnson
A478: William King
A479: William King
A480: Desiree Landry
A481: Desiree Landry
A482: Desiree Landry

Sheet KPI's
A3: Location | B3: Sum of Amount
A4: Lagos | B4: 601615.17
A5: Spain | B5: 468878.58
A6: India | B6: 329239.75
A7: South Africa | B7: 322588.36
A12: Male | B12: SUMIF(#REF!,$P12,#REF!)
A13: Female | B13: =SUMIF(#REF!,$P13,#REF!) -> #REF!

Sheet Dashoards insights
A3: Location | B3: Count of Location
A4: Lagos | B4: 91
A5: Spain | B5: 80
A6: South Africa | B6: 68
A7: India | B7: 60

Sheet Dashboard

Sheet Sheet3
A3: Location | B3: Sum of Amount
A4: Not Provided | B4: 1086618.4
A5: Lagos | B5: 601615.17
A6: Spain | B6: 468878.58
A7: India | B7: 329239.75
A8: South Africa | B8: 322588.36

Sheet Sheet1
A1: Location | B1: Amount
A2: Lagos | B2: 123000
A3: Not Provided | B3: 120000 | E3: .
A4: Lagos | B4: 95000
A5: Not Provided | B5: 90000
A6: Spain | B6: 78000
A7: Not Provided | B7: 56000
A8: India | B8: 54000 | E8: Not Provided | F8: =SUMIF(A:A,E8,B:B) -> 1086618.4
A9: Spain | B9: 50000
A10: Not Provided | B10: 45000
A11: Not Provided | B11: 44000
A12: Lagos | B12: 34000
A13: India | B13: 29370
A14: Lagos | B14: 25000
A15: Not Provided | B15: 25000
A16: South Africa | B16: 23000
A17: South Africa | B17: 18000
A18: Spain | B18: 17500
A19: South Africa | B19: 17000
A20: Not Provided | B20: 17000
... A472: Lagos | B472: 4.7349789
A473: Not Provided
A474: Lagos
A475: Not Provided
A476: Spain
A477: Not Provided
A478: India
A479: South Africa
A480: Not Provided
A481: India
A482: India
